area,rooms,price,area_normalized,price_normalized,rooms_normalized
4220.0,6.0,270600.0,0.1301031243174311,0.08358690505616179,0.625
4200.0,3.0,278000.0,0.12963554794971346,0.08587272581527339,0.25
1970.0,7.0,107900.0,0.0775007829491975,0.033329737825424456,0.75
2890.0,6.0,171000.0,0.09900929586420858,0.052820993217308446,0.625
990.0,6.0,43500.0,0.054589540931033534,0.013436919327210044,0.625
2370.0,2.0,141400.0,0.08685231030355015,0.04367771018086207,0.125
4400.0,3.0,285900.0,0.1343113116268898,0.08831299392297359,0.25
3010.0,3.0,180900.0,0.10181475407051437,0.055879050719363145,0.25
2540.0,9.0,153100.0,0.09082670942915001,0.04729177813783581,1.0
3270.0,3.0,211600.0,0.10789324685084359,0.0653621179227045,0.25
1370.0,7.0,69100.0,0.06347349191766855,0.021344623574947447,0.75
3890.0,3.0,241200.0,0.12238811425009018,0.07450540095915087,0.25
3320.0,5.0,207500.0,0.10906218777013767,0.06409564966427779,0.5
4170.0,4.0,269100.0,0.128934183398137,0.08312356301039593,0.375
3079.793903701137,9.0,236400.0,0.10344645306958496,0.0730227064127001,1.0
1410.0,6.0,73100.0,0.06440864465310381,0.022580202363656418,0.625
4430.0,1.0,284500.0,0.13501267617846624,0.08788054134692545,0.0
4930.0,3.0,321900.0,0.14670208537140705,0.09943320302135432,0.25
2770.0,3.0,172700.0,0.09620383765790279,0.05334611420250976,0.25
41428.76142345573,6.0,199800.0,1.0,0.06171716049601303,0.625
2760.0,4.0,168800.0,0.09597004947404397,0.052141424883518514,0.375
3360.0,7.0,211800.0,0.10999734050557293,0.06542389686213994,0.75
3079.793903701137,3.0,116600.0,0.10344645306958496,0.03601712169086646,0.25
4290.0,2.0,287700.0,0.13173964160444282,0.08886900437789264,0.125
4960.0,4.55,327600.0,0.1474034499229835,0.1011939027952646,0.44375
3350.0,3.0,209300.0,0.10976355232171411,0.06465166011919683,0.25
1220.0,4.0,50600.0,0.0599666691597863,0.015630071677168466,0.375
3430.0,4.55,212600.0,0.11163385779258464,0.06567101261988173,0.44375
3079.793903701137,5.0,49400.0,0.10344645306958496,0.015259398040555774,0.5
2620.0,7.0,146300.0,0.09269701490002054,0.04519129419703056,0.75
1990.0,2.0,121300.0,0.07796835931691513,0.037468926767599504,0.125
3620.0,8.0,215600.0,0.11607583328590214,0.06659769671141345,0.875
3600.0,2.0,231200.0,0.11560825691818451,0.07141645398737843,0.125
800.0,5.0,29900.0,0.05014756543771603,0.009235951445599548,0.5
3640.0,6.0,228500.0,0.11654340965361977,0.07058243830499988,0.625
3670.0,3.0,232000.0,0.11724477420519622,0.07166356974512024,0.25
1740.0,3.0,88600.0,0.07212365472044474,0.027368070169903676,0.25
1770.0,4.0,91800.0,0.07282501927202117,0.02835653320087085,0.375
3560.0,4.0,227600.0,0.11467310418274924,0.07030443307754036,0.375
3540.0,3.0,221700.0,0.11420552781503161,0.06848195436419463,0.25
2430.0,5.0,145400.0,0.08825503940670304,0.044913288969571044,0.5
3560.0,5.0,223900.0,0.11467310418274924,0.06916152269798458,0.5
1520.0,7.0,76800.0,0.06698031467555078,0.023723112743212215,0.75
3540.0,2.0,226200.0,0.11420552781503161,0.06987198050149222,0.125
2580.0,1.0,160900.0,0.09176186216458528,0.0497011567758183,0.0
4990.0,4.0,324100.0,0.14810481447455992,0.10011277135514425,0.375
1170.0,5.0,61200.0,0.05879772824049222,0.018904355467247235,0.5
5170.0,4.0,336400.0,0.15231300178401863,0.10391217613042433,0.375
5050.0,2.0,325800.0,0.14950754357771284,0.10063789234034556,0.125
2800.0,3.0,169500.0,0.09690520220947924,0.052357651171542584,0.25
1750.0,4.55,90100.0,0.07235744290430354,0.027831412215669538,0.44375
1390.0,4.55,71300.0,0.06394106828538618,0.022024191908737382,0.44375
4430.0,6.0,288300.0,0.13501267617846624,0.08905434119619898,0.625
2740.0,3.0,173800.0,0.09550247310632633,0.053685898369404725,0.25
4470.0,2.0,289900.0,0.1359478289139015,0.08954857271168257,0.125
3400.0,6.0,203400.0,0.11093249324100819,0.0628291814058511,0.625
3360.0,2.0,220700.0,0.10999734050557293,0.0681730596670174,0.125
4050.0,5.0,257400.0,0.12612872519183121,0.0795094950534222,0.5
-1345.0,3.0,309700.0,0.0,0.09566468771579197,0.25
1250.0,3.0,57400.0,0.06066803371136275,0.017730555617973712,0.25
900.0,3.0,31200.0,0.05248544727630419,0.009637514551929962,0.25
3250.0,6.0,210000.0,0.10742567048312596,0.0648678864072209,0.625
4210.0,8.0,263700.0,0.12986933613357227,0.08145553164563882,0.875
2540.0,7.0,152400.0,0.09082670942915001,0.04707555184981174,0.75
3680.0,2.0,234200.0,0.11747856238905503,0.07234313807891017,0.125
1080.0,9.0,43000.0,0.056693634585762875,0.013282471978621422,1.0
830.0,9.0,15000.0,0.05084892998929248,0.004633420457658636,1.0
1950.0,3.0,114300.0,0.07703320658147987,0.035306663887358807,0.25
4230.0,4.0,268300.0,0.13033691250128993,0.08287644725265413,0.375
4060.0,6.0,256800.0,0.12636251337569004,0.07932415823511585,0.625
1350.0,2.0,69600.0,0.06300591554995091,0.02149907092353607,0.125
4860.0,6.0,192297.9945720423,0.14506556808439533,0.05939983080112201,0.625
1330.0,3.0,65200.0,0.06253833918223328,0.020139934255956202,0.25
3690.0,7.0,230700.0,0.11771235057291385,0.07126200663878982,0.75
3090.0,1.0,198900.0,0.10368505954138489,0.06143915526855351,0.0
3360.0,2.0,215200.0,0.10999734050557293,0.06647413883254256,0.125
1880.0,5.0,105300.0,0.07539668929446816,0.03252661161276362,0.5
1820.0,4.0,102100.0,0.07399396019131527,0.031538148581796446,0.375
2910.0,6.0,181800.0,0.09947687223192621,0.056157055946822666,0.625
2970.0,3.0,188600.0,0.1008796013350791,0.05825753988762791,0.25
4600.0,4.0,295700.0,0.13898707530406612,0.09134016195531057,0.375
4760.0,4.0,313700.0,0.14272768624580717,0.09690026650450094,0.375
4710.0,2.0,309900.0,0.14155874532651308,0.09572646665522741,0.125
2170.0,4.0,130500.0,0.08217654662637383,0.040310757981630134,0.375
1350.0,7.0,60500.0,0.06300591554995091,0.018688129179223165,0.75
3300.0,8.0,196500.0,0.10859461140242004,0.06069780799532813,0.875
1280.0,4.0,59900.0,0.0613693982629392,0.018502792360916818,0.375
4560.0,8.0,288800.0,0.13805192256863086,0.0892087885447876,0.875
4450.0,2.0,295100.0,0.13548025254618387,0.09115482513700422,0.125
2760.0,3.0,171000.0,0.09597004947404397,0.052820993217308446,0.25
3079.793903701137,3.0,275100.0,0.10344645306958496,0.08497693119345938,0.25
1260.0,4.55,65700.0,0.060901821895221565,0.020294381604544824,0.44375
2100.0,3.0,134200.0,0.08054002933936211,0.04145366836118593,0.25
4220.0,2.0,276900.0,0.1301031243174311,0.08553294164837842,0.125
2640.0,2.0,160300.0,0.09316459126773818,0.049515819957511954,0.125
1190.0,4.0,55100.0,0.059265304608209855,0.017020097814466055,0.375
3400.0,4.0,214000.0,0.11093249324100819,0.06610346519592987,0.375
3970.0,5.0,250000.0,0.1242584197209607,0.0772236742943106,0.5
920.0,6.0,38300.0,0.052953023644021824,0.011830666901888384,0.625
2820.0,3.0,173400.0,0.09737277857719687,0.05356234049053383,0.25
1440.0,1.0,74300.0,0.06511000920468026,0.02295087600026911,0.0
1110.0,7.0,55500.0,0.05739499913733932,0.01714365569333695,0.75
3760.0,1.0,237200.0,0.11934886785992557,0.0732698221704419,0.0
2440.0,4.0,138200.0,0.08848882759056186,0.042689247149894895,0.375
1600.0,6.0,86300.0,0.0688506201464213,0.02665761236639602,0.625
4230.0,4.0,266600.0,0.13033691250128993,0.08235132626745283,0.375
1390.0,8.0,69100.0,0.06394106828538618,0.021344623574947447,0.875
2060.0,4.0,125100.0,0.07960487660392684,0.03864272661687302,0.375
4910.0,5.0,321000.0,0.1462345090036894,0.09915519779389481,0.5
2860.0,5.0,182700.0,0.09830793131263213,0.05643506117428218,0.5
4320.0,5.0,277600.0,0.13244100615601928,0.08574916793640248,0.5
2670.0,5.0,164900.0,0.09386595581931462,0.05093673556452727,0.5
3079.793903701137,4.55,151500.0,0.10344645306958496,0.04679754662235222,0.44375
3790.0,5.0,239000.0,0.12005023241150202,0.07382583262536092,0.5
2410.0,5.0,141600.0,0.08778746303898541,0.04373948912029752,0.5
2130.0,4.0,122500.0,0.08124139389093857,0.03783960040421219,0.375
4210.0,6.0,266200.0,0.12986933613357227,0.08222776838858192,0.625
2950.0,3.0,180900.0,0.10041202496736147,0.055879050719363145,0.25
3200.0,3.0,203300.0,0.10625672956383186,0.06279829193613337,0.25
1200.0,4.0,52200.0,0.05949909279206867,0.016124303192652054,0.375
4110.0,6.0,260000.0,0.12753145429498414,0.08031262126608302,0.625
2720.0,7.0,154200.0,0.0950348967386087,0.04763156230473078,0.75
3079.793903701137,7.0,226300.0,0.10344645306958496,0.06990286997120995,0.75
3770.0,6.0,231400.0,0.11958265604378439,0.07147823292681389,0.625
1900.0,4.0,108000.0,0.07586426566218579,0.03336062729514218,0.375
5000.0,8.0,326300.0,0.14833860265841875,0.1007923396889342,0.875
4540.0,4.0,295400.0,0.1375843462009132,0.0912474935461574,0.375
3750.0,6.0,234200.0,0.11911507967606676,0.07234313807891017,0.625
1510.0,4.0,79500.0,0.06674652649169197,0.02455712842559077,0.375
2870.0,6.0,168200.0,0.09854171949649095,0.051956088065212166,0.625
3020.0,5.0,184500.0,0.10204854225437318,0.05699107162920122,0.5
3890.0,3.0,248300.0,0.12238811425009018,0.07669855330910928,0.25
4060.0,3.0,261900.0,0.12636251337569004,0.08089952119071978,0.25
4180.0,7.0,264600.0,0.12916797158199583,0.08173353687309834,0.75
3650.0,2.0,227800.0,0.11677719783747859,0.07036621201697582,0.125
1680.0,6.0,88600.0,0.07072092561729185,0.027368070169903676,0.625
1120.0,4.0,52900.0,0.05762878732119814,0.016340529480676123,0.375
4410.0,3.0,288400.0,0.1345450998107486,0.0890852306659167,0.25
870.0,2.0,34500.0,0.051784082724727745,0.010656867052614863,0.125
2080.0,8.0,121900.0,0.08007245297164448,0.037654263585905845,0.875
4910.0,4.0,315800.0,0.1462345090036894,0.09754894536857314,0.375
4550.0,6.0,292500.0,0.13781813438477203,0.0903516989243434,0.625
4050.0,7.0,192297.9945720423,0.12612872519183121,0.05939983080112201,0.75
4030.0,3.0,254400.0,0.1256611488241136,0.07858281096189046,0.25
2380.0,6.0,132700.0,0.08708609848740896,0.040990326315420066,0.625
1820.0,5.0,105400.0,0.07399396019131527,0.03255750108248135,0.5
950.0,7.0,33900.0,0.05365438819559827,0.010471530234308517,0.75
4070.0,4.0,261600.0,0.12659630155954887,0.0808068527815666,0.375
3940.0,4.0,250900.0,0.12355705516938426,0.07750167952177012,0.375
1330.0,9.0,59000.0,0.06253833918223328,0.0182247871334573,1.0
2990.0,3.0,183400.0,0.10134717770279673,0.05665128746230625,0.25
3930.0,4.0,251300.0,0.12332326698552544,0.077625237400641,0.375
1320.0,1.0,76800.0,0.06230455099837447,0.023723112743212215,0.0
1730.0,5.0,94200.0,0.07188986653658591,0.029097880474096234,0.5
1230.0,3.0,64500.0,0.06020045734364512,0.019923707967932133,0.25
4300.0,6.0,275800.0,0.13197342978830162,0.08519315748148346,0.625
3790.0,2.0,240800.0,0.12005023241150202,0.07438184308027997,0.125
1360.0,6.0,65100.0,0.06323970373380972,0.02010904478623848,0.625
2170.0,7.0,113900.0,0.08217654662637383,0.03518310600848791,0.75
4300.0,7.0,272800.0,0.13197342978830162,0.08426647338995172,0.75
1190.0,7.0,54500.0,0.059265304608209855,0.01683476099615971,0.75
2680.0,5.0,161500.0,0.09409974400317343,0.04988649359412464,0.5
2320.0,9.0,131100.0,0.08568336938425605,0.040496094799936475,1.0
2640.0,5.0,160400.0,0.09316459126773818,0.049546709427229677,0.5
1080.0,4.0,39500.0,0.056693634585762875,0.012201340538501075,0.375
3540.0,6.0,213600.0,0.11420552781503161,0.06597990731705897,0.625
5060.0,6.0,325200.0,0.14974133176157164,0.10045255552203923,0.625
4820.0,2.0,314300.0,0.14413041534896007,0.09708560332280729,0.125
3079.793903701137,9.0,201200.0,0.10344645306958496,0.06214961307206117,1.0
2830.0,2.0,169800.0,0.09760656676105568,0.05245031958069576,0.125
3870.0,2.0,249500.0,0.12192053788237255,0.07706922694572198,0.125
2530.0,5.0,146400.0,0.0905929212452912,0.04522218366674829,0.5
2120.0,3.0,128900.0,0.08100760570707974,0.03981652646614654,0.25
3280.0,5.0,207200.0,0.1081270350347024,0.06400298125512462,0.5
1230.0,9.0,54500.0,0.06020045734364512,0.01683476099615971,1.0
1130.0,8.0,48100.0,0.057862575505056954,0.014857834934225359,0.875
1250.0,4.0,55300.0,0.06066803371136275,0.017081876753901503,0.375
3370.0,4.0,213900.0,0.11023112868943175,0.06607257572621214,0.375
2120.0,4.0,124100.0,0.08100760570707974,0.03833383191969578,0.375
3730.0,4.55,232400.0,0.11864750330834911,0.07178712762399113,0.44375
4130.0,3.0,267800.0,0.12799903066270174,0.08272199990406551,0.25
3450.0,7.0,218500.0,0.11210143416030227,0.06749349133322746,0.75
4010.0,3.0,258900.0,0.12519357245639595,0.07997283709918805,0.25
4370.0,4.0,284000.0,0.13360994707531335,0.08772609399833683,0.375
800.0,7.0,26300.0,0.05014756543771603,0.008123930535761475,0.75
2900.0,4.0,180500.0,0.09924308404806739,0.05575549284049225,0.375
900.0,9.0,31200.0,0.05248544727630419,0.009637514551929962,1.0
860.0,3.0,38800.0,0.05155029454086893,0.011985114250477005,0.25
1330.0,4.0,68300.0,0.06253833918223328,0.021097507817205655,0.375
3030.0,1.0,195300.0,0.102282330438232,0.06032713435871544,0.0
1610.0,5.0,81200.0,0.06908440833028012,0.025082249410792082,0.5
4280.0,7.0,267300.0,0.13150585342058402,0.08256755255547689,0.75
2380.0,3.0,139500.0,0.08708609848740896,0.04309081025622531,0.25
2590.0,2.0,165300.0,0.09199565034844409,0.051060293443398165,0.125
4790.0,4.0,311900.0,0.1434290507973836,0.0963442560495819,0.375
3280.0,7.0,197100.0,0.1081270350347024,0.06088314481363447,0.75
2350.0,2.0,132100.0,0.08638473393583251,0.04080498949711372,0.125
3190.0,5.0,194500.0,0.10602294137997305,0.060080018600973645,0.5
900.0,4.0,29100.0,0.05248544727630419,0.008988835687857754,0.375
4980.0,2.0,0.0,0.14787102629070112,0.0,0.125
2190.0,1.0,130900.0,0.08264412299409146,0.04043431586050103,0.0
1450.0,4.0,192297.9945720423,0.06534379738853907,0.05939983080112201,0.375
1600.0,4.0,85700.0,0.0688506201464213,0.02647227554808967,0.375
2980.0,4.0,179900.0,0.10111338951893792,0.05557015602218591,0.375
3079.793903701137,3.0,328500.0,0.10344645306958496,0.10147190802272413,0.25
880.0,6.0,192297.9945720423,0.05201787090858656,0.05939983080112201,0.625
930.0,4.0,48000.0,0.05318681182788064,0.014826945464507635,0.375
3930.0,6.0,246200.0,0.12332326698552544,0.07604987444503708,0.625
4340.0,9.0,271300.0,0.13290858252373688,0.08380313134418586,1.0
3200.0,4.0,197600.0,0.10625672956383186,0.0610375921622231,0.375
1590.0,3.0,88000.0,0.06861683196256249,0.027182733351597328,0.25
960.0,7.0,42800.0,0.05388817637945709,0.013220693039185974,0.75
3640.0,1.0,231500.0,0.11654340965361977,0.07150912239653161,0.0
5010.0,5.0,326300.0,0.14857239084227758,0.1007923396889342,0.5
2260.0,4.0,138200.0,0.08428064028110316,0.042689247149894895,0.375
4830.0,3.0,192297.9945720423,0.14436420353281887,0.05939983080112201,0.25
2560.0,4.0,142100.0,0.09129428579686764,0.04389393646888614,0.375
2200.0,2.0,139800.0,0.08287791117795026,0.043183478665378486,0.125
1570.0,4.0,83000.0,0.06814925559484486,0.025638259865711117,0.375
2330.0,6.0,140500.0,0.08591715756811488,0.043399704953402556,0.625
4560.0,2.0,302800.0,0.13805192256863086,0.093533314305269,0.125
3570.0,4.0,192297.9945720423,0.11490689236660806,0.05939983080112201,0.375
2670.0,7.0,162100.0,0.09386595581931462,0.05007183041243099,0.75
3520.0,1.0,229400.0,0.11373795144731398,0.0708604435324594,0.0
3190.0,4.0,194700.0,0.10602294137997305,0.06014179754040909,0.375
1770.0,3.0,102200.0,0.07282501927202117,0.03156903805151417,0.25
3590.0,6.0,219700.0,0.11537446873432569,0.06786416496984016,0.625
4870.0,4.55,305200.0,0.14529935626825413,0.09427466157849437,0.44375
3580.0,3.0,223700.0,0.11514068055046688,0.06909974375854912,0.25
3079.793903701137,6.0,329200.0,0.10344645306958496,0.10168813431074819,0.625
2750.0,5.0,178700.0,0.09573626129018516,0.05519948238557321,0.5
3970.0,9.0,245000.0,0.1242584197209607,0.07567920080842439,1.0
3470.0,4.0,227600.0,0.1125690105280199,0.07030443307754036,0.375
3830.0,4.0,238400.0,0.12098538514693728,0.07364049580705459,0.375
4960.0,4.55,323500.0,0.1474034499229835,0.09992743453683792,0.44375
1920.0,4.0,119300.0,0.07633184202990342,0.03685113737324502,0.375
2130.0,3.0,131100.0,0.08124139389093857,0.040496094799936475,0.25
1610.0,3.0,88000.0,0.06908440833028012,0.027182733351597328,0.25
860.0,7.0,192297.9945720423,0.05155029454086893,0.05939983080112201,0.75
32286.158701257675,5.0,62400.0,0.786256751383465,0.019275029103859923,0.5
4220.0,2.0,276200.0,0.1301031243174311,0.08531671536035434,0.125
3210.0,7.0,191800.0,0.10649051774769068,0.05924600291859509,0.75
1440.0,5.0,64100.0,0.06511000920468026,0.019800150089061237,0.5
1180.0,4.0,52100.0,0.05903151642435103,0.016093413722934328,0.375
4180.0,6.0,261300.0,0.12916797158199583,0.08071418437241344,0.625
4420.0,4.0,282300.0,0.1347788879946074,0.08720097301313552,0.375
2850.0,1.0,185400.0,0.09807414312877331,0.05726907685666074,0.0
800.0,2.0,36300.0,0.05014756543771603,0.011212877507533898,0.125
3060.0,6.0,183600.0,0.10298369498980844,0.0567130664017417,0.625
4740.0,9.0,305500.0,0.1422601098780895,0.09436732998764755,1.0
4240.0,3.0,192297.9945720423,0.13057070068514873,0.05939983080112201,0.25
1130.0,8.0,192297.9945720423,0.057862575505056954,0.05939983080112201,0.875
4720.0,5.0,307600.0,0.1417925335103719,0.09501600885171976,0.5
1780.0,8.0,93000.0,0.07305880745588,0.028727206837483543,0.875
4720.0,3.0,310800.0,0.1417925335103719,0.09600447188268693,0.25
2100.0,2.0,127000.0,0.08054002933936211,0.039229626541509785,0.125
3079.793903701137,4.0,134500.0,0.10344645306958496,0.0415463367703391,0.375
3850.0,4.0,240200.0,0.12145296151465491,0.07419650626197362,0.375
4160.0,4.0,273800.0,0.1287003952142782,0.08457536808712897,0.375
4710.0,2.0,305000.0,0.14155874532651308,0.09421288263905893,0.125
2070.0,2.0,120000.0,0.07983866478778566,0.03706736366126909,0.125
4310.0,3.0,277300.0,0.13220721797216045,0.08565649952724931,0.25
4010.0,4.55,251100.0,0.12519357245639595,0.07756345846120556,0.44375
2000.0,3.0,109100.0,0.07820214750077395,0.033700411462037144,0.25
2860.0,4.0,173800.0,0.09830793131263213,0.053685898369404725,0.375
1070.0,7.0,40000.0,0.05645984640190406,0.012355787887089695,0.75
3079.793903701137,3.0,342200.0,0.10344645306958496,0.10570376537405235,0.25
3370.0,4.0,205300.0,0.11023112868943175,0.06341608133048786,0.375
2050.0,4.0,120000.0,0.07937108842006803,0.03706736366126909,0.375
4860.0,3.0,313800.0,0.14506556808439533,0.09693115597421866,0.25
1330.0,5.0,65200.0,0.06253833918223328,0.020139934255956202,0.5
1720.0,3.0,98100.0,0.07165607835272711,0.03030256979308748,0.25
4860.0,2.0,316100.0,0.14506556808439533,0.09764161377772632,0.125
2390.0,3.0,145900.0,0.08731988667126778,0.04506773631815966,0.25
2630.0,4.55,165400.0,0.09293080308387935,0.05109118291311589,0.44375
1720.0,2.0,104500.0,0.07165607835272711,0.03227949585502183,0.125
2110.0,4.0,119000.0,0.08077381752322092,0.036758468964091844,0.375
4210.0,6.0,269700.0,0.12986933613357227,0.08330889982870227,0.625
1340.0,2.0,70600.0,0.06277212736609208,0.021807965620713313,0.125
3860.0,5.0,244000.0,0.12168674969851373,0.07537030611124715,0.5
4910.0,4.0,2595841.9189673546,0.1462345090036894,0.8018418034794128,0.375
2810.0,4.55,172000.0,0.09713899039333805,0.05312988791448569,0.44375
3079.793903701137,5.0,120300.0,0.10344645306958496,0.03716003207042226,0.5
1920.0,1.0,125300.0,0.07633184202990342,0.03870450555630847,0.0
2670.0,3.0,158300.0,0.09386595581931462,0.04889803056315747,0.25
5110.0,6.0,335900.0,0.1509102726808657,0.10375772878183571,0.625
1780.0,7.0,84700.0,0.07305880745588,0.02616338085091243,0.75
1760.0,5.0,102700.0,0.07259123108816237,0.031723485400102794,0.5
2570.0,4.55,3237349.197439296,0.09152807398072646,1.0,0.44375
3430.0,3.0,222700.0,0.11163385779258464,0.06879084906137188,0.25
1260.0,8.0,55900.0,0.060901821895221565,0.01726721357220785,0.875
2010.0,2.0,118300.0,0.07843593568463277,0.036542242676067774,0.125
4500.0,1.0,293800.0,0.13664919346547794,0.09075326203067381,0.0
3950.0,3.0,263400.0,0.12379084335324307,0.08136286323648564,0.25
1390.0,2.0,76300.0,0.06394106828538618,0.023568665394623593,0.125
2800.0,3.0,171600.0,0.09690520220947924,0.05300633003561479,0.25
4890.0,4.55,307100.0,0.1457669326359718,0.09486156150313113,0.44375
3560.0,5.0,223500.0,0.11467310418274924,0.06903796481911367,0.5
1840.0,5.0,105000.0,0.0744615365590329,0.03243394320361045,0.5
1750.0,7.0,95000.0,0.07235744290430354,0.029344996231838026,0.75
2060.0,1.0,129400.0,0.07960487660392684,0.03997097381473517,0.0
2700.0,4.0,156900.0,0.09456732037089106,0.04846557798710933,0.375
2000.0,2.0,112700.0,0.07820214750077395,0.034812432371875215,0.125
2780.0,2.0,170200.0,0.0964376258417616,0.052573877459566654,0.125
1220.0,2.0,59400.0,0.0599666691597863,0.018348345012328196,0.125
3280.0,4.0,203800.0,0.1081270350347024,0.062952739284722,0.375
810.0,3.0,36400.0,0.050381353621574844,0.011243766977251622,0.25
720.0,5.0,20100.0,0.0482772599668455,0.006208783413262572,0.5
940.0,5.0,46600.0,0.053420600011739455,0.014394492888459495,0.5
1240.0,2.0,69400.0,0.060434245527503934,0.02143729198410062,0.125
1580.0,4.0,93600.0,0.06838304377870368,0.028912543655789887,0.375
1130.0,6.0,52600.0,0.057862575505056954,0.01624786107152295,0.625
2970.0,2.0,182600.0,0.1008796013350791,0.05640417170456446,0.125
3079.793903701137,7.0,143300.0,0.10344645306958496,0.044264610105498835,0.75
5070.0,3.0,328800.0,0.14997511994543045,0.1015645764318773,0.25
2370.0,6.0,135100.0,0.08685231030355015,0.04173167358864545,0.625
4910.0,6.0,323400.0,0.1462345090036894,0.09989654506712019,0.625
4170.0,5.0,269600.0,0.128934183398137,0.08327801035898455,0.5
2950.0,1.0,185800.0,0.10041202496736147,0.057392634735531634,0.0
2690.0,4.0,158000.0,0.09433353218703225,0.0488053621540043,0.375
1150.0,2.0,62600.0,0.058330151872774585,0.019336808043295375,0.125
4200.0,8.0,258500.0,0.12963554794971346,0.07984927922031716,0.875
3470.0,3.0,220600.0,0.1125690105280199,0.06814217019729966,0.25
3410.0,4.0,210200.0,0.11116628142486701,0.06492966534665635,0.375
1090.0,4.55,41600.0,0.05692742276962169,0.012850019402573283,0.44375
1180.0,3.0,58400.0,0.05903151642435103,0.018039450315150956,0.25
1430.0,3.0,83000.0,0.06487622102082144,0.025638259865711117,0.25
3920.0,6.0,250300.0,0.12308947880166662,0.07731634270346377,0.625
1090.0,5.0,47200.0,0.05692742276962169,0.014579829706765841,0.5
4420.0,1.0,290600.0,0.1347788879946074,0.08976479899970664,0.0
4140.0,6.0,254800.0,0.12823281884656057,0.07870636884076136,0.625
3079.793903701137,3.0,192297.9945720423,0.10344645306958496,0.05939983080112201,0.25
1900.0,7.0,103800.0,0.07586426566218579,0.03206326956699776,0.75
3680.0,4.0,233500.0,0.11747856238905503,0.0721269117908861,0.375
3770.0,3.0,243300.0,0.11958265604378439,0.07515407982322307,0.25
1400.0,7.0,69100.0,0.06417485646924499,0.021344623574947447,0.75
4110.0,7.0,260000.0,0.12753145429498414,0.08031262126608302,0.75
950.0,4.55,0.0,0.05365438819559827,0.0,0.44375
1000.0,2.0,49900.0,0.05482332911489235,0.015413845389144394,0.125
4230.0,3.0,269000.0,0.13033691250128993,0.0830926735406782,0.25
1550.0,3.0,82900.0,0.06768167922712723,0.025607370395993395,0.25
2830.0,5.0,170400.0,0.09760656676105568,0.052635656399002105,0.5
4320.0,4.0,274700.0,0.13244100615601928,0.08485337331458849,0.375
2780.0,4.0,163200.0,0.0964376258417616,0.050411614579325956,0.375
4530.0,7.0,286000.0,0.1373505580170544,0.08834388339269132,0.75
3240.0,4.55,203100.0,0.10719188229926713,0.06273651299669793,0.44375
3980.0,5.0,253400.0,0.12449220790481952,0.07827391626471322,0.5
5030.0,5.0,320500.0,0.14903996720999518,0.09900075044530618,0.5
2550.0,3.0,165100.0,0.09106049761300883,0.05099851450396272,0.25
4410.0,3.0,287100.0,0.1345450998107486,0.08868366755958629,0.25
3050.0,4.0,188200.0,0.10274990680594963,0.05813398200875702,0.375
2340.0,9.0,131300.0,0.08615094575197368,0.040557873739371926,1.0
2420.0,5.0,153400.0,0.08802125122284422,0.04738444654698898,0.5
3550.0,7.0,223200.0,0.11443931599889043,0.0689452964099605,0.75
3100.0,3.0,194200.0,0.10391884772524371,0.05998735019182047,0.25
1470.0,3.0,72500.0,0.0658113737562567,0.022394865545350074,0.25
730.0,3.0,25900.0,0.04851104815070432,0.008000372656890577,0.25
1350.0,4.0,72400.0,0.06300591554995091,0.02236397607563235,0.375
1160.0,5.0,58400.0,0.0585639400566334,0.018039450315150956,0.5
2180.0,6.0,125800.0,0.08241033481023263,0.03885895290489709,0.625
1930.0,2.0,108400.0,0.07656563021376224,0.033484185174013074,0.125
2840.0,4.55,192297.9945720423,0.0978403549449145,0.05939983080112201,0.44375
2490.0,8.0,142600.0,0.08965776850985593,0.044048383817474765,0.875
4760.0,4.0,311300.0,0.14272768624580717,0.09615891923127555,0.375
2660.0,7.0,154800.0,0.09363216763545582,0.04781689912303712,0.75
4730.0,7.0,303400.0,0.1420263216942307,0.09371865112357534,0.75
780.0,4.0,192297.9945720423,0.0496799890699984,0.05939983080112201,0.375
3079.793903701137,9.0,153700.0,0.10344645306958496,0.04747711495614215,1.0
2350.0,5.0,192297.9945720423,0.08638473393583251,0.05939983080112201,0.5
5140.0,4.0,328500.0,0.15161163723244217,0.10147190802272413,0.375
760.0,6.0,29900.0,0.049212412702280765,0.009235951445599548,0.625
1310.0,3.0,70900.0,0.062070762814515644,0.021900634029866486,0.25
2020.0,7.0,112900.0,0.07866972386849158,0.03487421131131067,0.75
930.0,5.0,35900.0,0.05318681182788064,0.011089319628663002,0.5
1130.0,6.0,55000.0,0.057862575505056954,0.016989208344748333,0.625
3330.0,6.0,198300.0,0.10929597595399648,0.06125381845024717,0.625
3710.0,7.0,233600.0,0.11817992694063148,0.07215780126060382,0.75
4880.0,3.0,316500.0,0.14553314445211296,0.09776517165659722,0.25
1290.0,5.0,66900.0,0.06160318644679801,0.020665055241157516,0.5
3550.0,4.0,232000.0,0.11443931599889043,0.07166356974512024,0.375
4240.0,7.0,263100.0,0.13057070068514873,0.08127019482733247,0.75
3830.0,4.0,243300.0,0.12098538514693728,0.07515407982322307,0.375
1900.0,7.0,98900.0,0.07586426566218579,0.03054968555082927,0.75
1170.0,8.0,47800.0,0.05879772824049222,0.014765166525072187,0.875
1850.0,9.0,98100.0,0.0746953247428917,0.03030256979308748,1.0
3660.0,2.0,228600.0,0.1170109860213374,0.07061332777471761,0.125
4320.0,7.0,267200.0,0.13244100615601928,0.08253666308575916,0.75
2710.0,3.0,167800.0,0.09480110855474988,0.05183253018634127,0.25
3110.0,7.0,191300.0,0.10415263590910252,0.05909155557000647,0.75
-1124.0,3.0,272400.0,0.00516671886327983,0.08414291551108083,0.25
4450.0,3.0,287200.0,0.13548025254618387,0.08871455702930402,0.25
1610.0,5.0,83700.0,0.06908440833028012,0.025854486153735187,0.5
3450.0,4.0,215600.0,0.11210143416030227,0.06659769671141345,0.375
1580.0,5.0,80400.0,0.06838304377870368,0.024835133653050286,0.5
3620.0,4.0,231000.0,0.11607583328590214,0.07135467504794299,0.375
3720.0,6.0,234400.0,0.1184137151244903,0.07240491701834562,0.625
2910.0,4.0,182800.0,0.09947687223192621,0.05646595064399991,0.375
5190.0,8.0,336400.0,0.15278057815173623,0.10391217613042433,0.875
2380.0,4.0,138900.0,0.08708609848740896,0.042905473437918965,0.375
3630.0,3.0,219900.0,0.11630962146976095,0.0679259439092756,0.25
1290.0,6.0,58300.0,0.06160318644679801,0.01800856084543323,0.625
3710.0,2.0,237100.0,0.11817992694063148,0.07323893270072417,0.125
1180.0,3.0,60500.0,0.05903151642435103,0.018688129179223165,0.25
3380.0,4.0,205400.0,0.11046491687329056,0.06344697080020559,0.375
3840.0,4.0,242200.0,0.1212191733307961,0.0748142956563281,0.375
4640.0,6.0,297100.0,0.13992222803950138,0.09177261453135871,0.625
4920.0,2.0,325200.0,0.14646829718754822,0.10045255552203923,0.125
5110.0,6.0,335300.0,0.1509102726808657,0.10357239196352937,0.625
2520.0,3.0,139200.0,0.09035913306143238,0.04299814184707214,0.25
800.0,1.0,40000.0,0.05014756543771603,0.012355787887089695,0.0
3190.0,3.0,201300.0,0.10602294137997305,0.06218050254177889,0.25
2830.0,4.0,171100.0,0.09760656676105568,0.052851882687026175,0.375
3620.0,6.0,233600.0,0.11607583328590214,0.07215780126060382,0.625
4440.0,3.0,281300.0,0.13524646436232507,0.08689207831595828,0.25
1750.0,6.0,90600.0,0.07235744290430354,0.02798585956425816,0.625
3680.0,5.0,227600.0,0.11747856238905503,0.07030443307754036,0.5
1110.0,8.0,46700.0,0.05739499913733932,0.01442538235817722,0.875
3850.0,6.0,248100.0,0.12145296151465491,0.07663677436967384,0.625
1530.0,7.0,80000.0,0.0672141028594096,0.02471157577417939,0.75
3350.0,6.0,204000.0,0.10976355232171411,0.06301451822415745,0.625
2730.0,2.0,173400.0,0.09526868492246751,0.05356234049053383,0.125
2060.0,2.0,120400.0,0.07960487660392684,0.03719092154013998,0.125
1670.0,4.0,2095486.1153349208,0.07048713743343302,0.6472845490354964,0.375
4600.0,3.0,292400.0,0.13898707530406612,0.09032080945462567,0.25
4660.0,5.0,301300.0,0.140389804407219,0.09306997225950313,0.5
1970.0,4.0,116000.0,0.0775007829491975,0.03583178487256012,0.375
3010.0,5.0,191100.0,0.10181475407051437,0.05902977663057102,0.5
1490.0,5.0,80800.0,0.06627895012397433,0.024958691531921186,0.5
840.0,4.0,33900.0,0.0510827181731513,0.010471530234308517,0.375
4130.0,6.0,264100.0,0.12799903066270174,0.08157908952450972,0.625
2370.0,5.0,139200.0,0.08685231030355015,0.04299814184707214,0.5
4530.0,3.0,295900.0,0.1373505580170544,0.09140194089474603,0.25
1280.0,4.0,67500.0,0.0613693982629392,0.02085039205946386,0.375
1250.0,8.0,55600.0,0.06066803371136275,0.017174545163054677,0.875
4680.0,3.0,307800.0,0.14085738077493665,0.09507778779115521,0.25
3850.0,7.0,242000.0,0.12145296151465491,0.07475251671689266,0.75
3840.0,4.55,237100.0,0.1212191733307961,0.07323893270072417,0.44375
4200.0,2.0,277800.0,0.12963554794971346,0.08581094687583793,0.125
1240.0,6.0,58700.0,0.060434245527503934,0.01813211872430413,0.625
38370.20734065983,4.0,192297.9945720423,0.9284946195749179,0.05939983080112201,0.375
4450.0,5.0,288200.0,0.13548025254618387,0.08902345172648125,0.5
1980.0,4.0,106300.0,0.07773457113305632,0.032835506309940865,0.375
4800.0,5.0,314900.0,0.14366283898124244,0.09727094014111362,0.5
3079.793903701137,2.0,284300.0,0.10344645306958496,0.08781876240749001,0.125
3340.0,4.55,213100.0,0.1095297641378553,0.06582545996847035,0.44375
2740.0,7.0,155000.0,0.09550247310632633,0.04787867806247257,0.75
3079.793903701137,6.0,310100.0,0.10344645306958496,0.09578824559466287,0.625
3110.0,5.0,191900.0,0.10415263590910252,0.05927689238831282,0.5
1980.0,3.0,115200.0,0.07773457113305632,0.03558466911481832,0.25
4140.0,5.0,268500.0,0.12823281884656057,0.08293822619208958,0.5
4870.0,4.55,307900.0,0.14529935626825413,0.09510867726087294,0.44375
4900.0,2.0,317900.0,0.1460007208198306,0.09819762423264536,0.125
4320.0,4.55,266100.0,0.13244100615601928,0.0821968789188642,0.44375
1480.0,3.0,78900.0,0.06604516194011552,0.024371791607284424,0.25
5110.0,1.0,334000.0,0.1509102726808657,0.10317082885719896,0.0
3520.0,2.0,217300.0,0.11373795144731398,0.06712281769661477,0.125
3079.793903701137,6.0,53400.0,0.10344645306958496,0.01649497682926474,0.625
3260.0,4.0,193400.0,0.10765945866698477,0.05974023443407868,0.375
2110.0,9.0,110700.0,0.08077381752322092,0.034194642977520735,1.0
3270.0,9.0,204100.0,0.10789324685084359,0.06304540769387518,1.0
890.0,9.0,31000.0,0.05225165909244538,0.009575735612494514,1.0
1110.0,5.0,52000.0,0.05739499913733932,0.016062524253216606,0.5
3040.0,4.0,188000.0,0.10251611862209081,0.058072203069321565,0.375
4970.0,3.0,317700.0,0.14763723810684232,0.0981358452932099,0.25
2180.0,3.0,132500.0,0.08241033481023263,0.040928547375984614,0.25
1350.0,2.0,69100.0,0.06300591554995091,0.021344623574947447,0.125
1390.0,7.0,192297.9945720423,0.06394106828538618,0.05939983080112201,0.75
3690.0,4.0,235400.0,0.11771235057291385,0.07271381171552285,0.375
3240.0,7.0,202400.0,0.10719188229926713,0.06252028670867386,0.75
4240.0,8.0,263000.0,0.13057070068514873,0.08123930535761474,0.875
3310.0,2.0,214500.0,0.10882839958627885,0.06625791254451849,0.125
4470.0,6.0,290200.0,0.1359478289139015,0.08964124112083574,0.625
2580.0,8.0,149900.0,0.09176186216458528,0.04630331510686864,0.875
4640.0,5.0,293600.0,0.13992222803950138,0.09069148309123837,0.5
3079.793903701137,7.0,278700.0,0.10344645306958496,0.08608895210329745,0.75
1500.0,3.0,80600.0,0.06651273830783315,0.024896912592485738,0.25
4300.0,4.0,274000.0,0.13197342978830162,0.08463714702656441,0.375
1300.0,4.55,59200.0,0.06183697463065683,0.018286566072892748,0.44375
1720.0,3.0,97600.0,0.07165607835272711,0.030148122444498857,0.25
3700.0,6.0,231900.0,0.11794613875677266,0.07163268027540251,0.625
2920.0,4.0,182800.0,0.09971066041578502,0.05646595064399991,0.375
4530.0,5.0,288700.0,0.1373505580170544,0.08917789907506987,0.5
890.0,5.0,40600.0,0.05225165909244538,0.012541124705396041,0.5
5050.0,4.55,326000.0,0.14950754357771284,0.10069967127978102,0.44375
2070.0,5.0,112300.0,0.07983866478778566,0.03468887449300432,0.5
1370.0,5.0,69200.0,0.06347349191766855,0.021375513044665173,0.5
760.0,3.0,21000.0,0.049212412702280765,0.00648678864072209,0.25
1470.0,8.0,75000.0,0.0658113737562567,0.02316710228829318,0.875
4840.0,7.0,304400.0,0.1445979917166777,0.09402754582075258,0.75
4200.0,2.0,263300.0,0.12963554794971346,0.08133197376676791,0.125
4520.0,7.0,285200.0,0.1371167698331956,0.08809676763494953,0.75
4820.0,7.0,307000.0,0.14413041534896007,0.09483067203341342,0.75
3170.0,4.0,192800.0,0.10555536501225542,0.05955489761577233,0.375
2800.0,8.0,171600.0,0.09690520220947924,0.05300633003561479,0.875
4570.0,5.0,293400.0,0.13828571075248966,0.09062970415180292,0.5
2040.0,5.0,117600.0,0.07913730023620921,0.036326016388043704,0.5
1230.0,6.0,61900.0,0.06020045734364512,0.019120581755271305,0.625
3460.0,4.55,218400.0,0.11233522234416109,0.06746260186350973,0.44375
2580.0,7.0,155600.0,0.09176186216458528,0.04806401488077892,0.75
3079.793903701137,2.0,210000.0,0.10344645306958496,0.0648678864072209,0.125
