area,rooms,price
4220.0,6.0,270600.0
4200 sqft,3,"278,000"
1970.0,7.0,107900.0
2890.0,6.0,"₦171,000"
990.0,6.0,43500.0
2370.0,2.0,141400.0
4400.0,3.0,285900.0
3010.0,3.0,$180900
2540.0,9.0,"₦153,100"
"3,270",3.0,$211600
1370.0,7.0,69100.0
3890 sqft,3.0,241200.0
 3320 ,5.0,207500.0
4170.0,4.0,269100.0
,9.0,236400.0
1410.0,6.0,73100.0
4430 sqft,1.0,284500.0
4930.0,3.0,321900.0
"2,770",3.0,172700.0
41428.76142345573,6.0,"₦199,800"
2760,4.0,168800.0
3360.0,7.0,211800.0
,3.0,116600
4290.0,2.0,287700.0
4960,,"327,600"
3350.0,3.0,209300.0
1220.0,4.0,50600.0
3430.0,,"₦212,600"
,5,"49,400"
"2,770",3.0,172700.0
2620.0,7.0,"₦146,300"
1990.0,two,121300.0
3620.0,8.0,"₦215,600"
3600,2.0,$231200
800.0,5.0,29900.0
3640 sqft,6.0,228500
3670.0,3.0,232000.0
 1740 ,3.0,88600.0
"1,770",4.0,91800.0
3560,4.0,227600.0
3540.0,3.0,221700.0
2430.0,5.0,$145400
3560.0,5,223900.0
1520,7.0,"₦76,800"
3540.0,2.0,226200.0
2580 sqft,1.0,160900
"4,990",4,"324,100"
1170 sqft,5.0,"₦61,200"
5170.0,4.0,"₦336,400"
5050 sqft,2.0,325800.0
 2800 ,3.0,169500.0
1750.0,,90100.0
 1390 ,,71300.0
4430.0,6.0,"288,300"
2740.0,3,173800
 4470 ,2.0,289900.0
"3,400",6.0,203400.0
 3360 ,2,"220,700"
4050.0,5 rooms,257400.0
-1345,3.0,"309,700"
1250.0,3.0,57400.0
900.0,3.0,31200
3250.0,6.0,210000.0
4210.0,8,"₦263,700"
2540.0,7,152400
3680.0,2.0,234200.0
1080.0,9.0,43000
830,9.0,15000.0
1950,3.0,114300.0
4230.0,4.0,268300.0
"4,060",6.0,$256800
1350.0,2.0,"₦69,600"
4860.0,6.0,
1950,3.0,114300.0
1330,3.0,65200.0
3690,7.0,230700.0
"3,090",1.0,198900.0
3360.0,2,215200.0
 1880 ,5.0,105300.0
1820.0,4.0,102100.0
2910.0,6.0,181800.0
 2970 ,3.0,$188600
4600.0,4.0,295700.0
4760.0,4.0,313700.0
4710.0,2.0,309900.0
2170.0,4.0,130500.0
1350,7.0,60500.0
3300.0,8.0,196500.0
1280.0,4.0,59900.0
4560.0,8,288800.0
4450 sqft,2 rooms,"₦295,100"
2760,3.0,"171,000"
2540.0,7,152400
,3,"₦275,100"
"1,260",,65700.0
2100,3.0,134200.0
4220.0,2.0,276900.0
2640.0,2.0,160300.0
"1,190",4.0,55100.0
3400.0,4,214000
"3,970",5.0,250000.0
920.0,6.0,38300.0
 2820 ,3.0,173400.0
1440.0,1,74300.0
 1110 ,7.0,55500.0
"3,760",1.0,237200.0
2440.0,4.0,138200.0
1600.0,6.0,86300.0
4230,4.0,266600.0
1390.0,8,"₦69,100"
2060 sqft,4.0,125100
4910.0,5.0,321000
2860.0,5.0,182700.0
4320.0,5.0,277600.0
2670.0,5,164900
,,"151,500"
3790.0,5.0,"₦239,000"
2410.0,5 rooms,141600.0
2130.0,4.0,122500
"4,210",6.0,266200.0
2950.0,3.0,$180900
"3,200",3.0,"₦203,300"
1200.0,4.0,52200
4110.0,6.0,260000.0
2720 sqft,7,154200.0
,7 rooms,$226300
3770.0,6.0,231400
1900.0,4.0,"₦108,000"
5000.0,8,326300.0
4540.0,4.0,295400.0
3750.0,6,"₦234,200"
1510.0,4.0,"79,500"
2870 sqft,6.0,168200
1970.0,7.0,107900.0
3020.0,5.0,184500.0
3890.0,3 rooms,"₦248,300"
4060.0,3.0,"261,900"
"4,180",7,264600.0
3650.0,2.0,227800.0
1680.0,6.0,"₦88,600"
"1,120",4.0,52900.0
"4,410",3.0,288400.0
870.0,2.0,34500.0
2080.0,8.0,121900.0
4910.0,4.0,315800
4550,6.0,292500.0
4050.0,7.0,
4030.0,3,254400.0
2380.0,6.0,132700.0
1820.0,5.0,"₦105,400"
950,7.0,33900
 4070 ,4.0,261600.0
"3,940",4.0,250900.0
1330,9.0,59000.0
2990.0,3.0,"₦183,400"
3930.0,4.0,251300.0
1320,1.0,$76800
1730.0,5.0,"₦94,200"
1230.0,3.0,"₦64,500"
4300.0,6.0,"275,800"
3790 sqft,2.0,240800.0
1360.0,6.0,65100.0
2170 sqft,7.0,113900.0
"4,300",7.0,272800.0
1190.0,7 rooms,54500.0
900.0,3.0,31200
2680.0,5.0,161500.0
2320.0,9.0,131100.0
2640.0,5.0,$160400
1080.0,4.0,39500.0
3540.0,6.0,213600.0
5060.0,6.0,325200.0
"4,820",2 rooms,314300.0
,9.0,201200.0
2830,2,169800.0
3870,2.0,249500.0
2530.0,5.0,146400
2120,3.0,$128900
3280.0,5.0,207200.0
1230.0,9,54500.0
3680.0,2.0,234200.0
1130.0,8,$48100
1250.0,4.0,55300.0
3370.0,4.0,213900.0
2120.0,4.0,124100.0
"3,730",,232400.0
4130.0,3.0,$267800
3450.0,7 rooms,218500.0
4290.0,2.0,287700.0
4010.0,3.0,258900.0
4370.0,4.0,284000.0
800.0,7.0,26300.0
2900 sqft,four,180500.0
900.0,9 rooms,31200.0
860,3.0,$38800
1330,4.0,68300.0
3030.0,1.0,195300.0
 1610 ,5.0,81200.0
4280.0,7,267300.0
2380.0,3,139500
2590.0,2.0,165300.0
4790.0,4.0,311900.0
"3,280",7 rooms,197100.0
2350.0,2.0,132100.0
3190.0,5,194500.0
 900 ,4.0,29100.0
 4980 ,2.0,0
2190,1.0,130900.0
"1,450",4.0,
1600.0,4.0,"85,700"
2980.0,4.0,179900.0
,3.0,328500.0
880.0,6,
930.0,4.0,48000.0
3930.0,6,246200.0
4340.0,9.0,271300
3200.0,4.0,197600.0
1590.0,3 rooms,88000.0
 960 ,7.0,42800.0
3640.0,1.0,231500.0
5010 sqft,5 rooms,326300.0
2260.0,four,138200.0
4830,3.0,
"2,560",4.0,$142100
 2200 ,2.0,139800.0
1570.0,4.0,83000.0
2330.0,6.0,140500.0
4560 sqft,2.0,"302,800"
3570.0,4.0,
2670.0,7.0,"162,100"
3520,1.0,"₦229,400"
3190.0,4,194700.0
1770.0,three,102200
3590.0,6.0,219700.0
4870 sqft,,$305200
3580.0,3.0,$223700
,6.0,329200.0
2750.0,5.0,178700.0
3970.0,9.0,245000.0
3470.0,4.0,227600.0
3830.0,4.0,238400.0
4960 sqft,,323500.0
1920.0,4.0,119300.0
2130.0,3.0,"₦131,100"
1610.0,3.0,88000.0
860,7.0,
32286.158701257675,5,"₦62,400"
4220 sqft,2.0,276200.0
3210.0,7,"191,800"
"1,440",5.0,64100.0
"1,180",4.0,"52,100"
4180.0,6,"₦261,300"
 4420 ,4.0,"282,300"
2850.0,1.0,185400.0
800,two,$36300
3060.0,6.0,$183600
4740 sqft,9.0,305500.0
4240.0,3.0,
1130.0,8.0,
4720.0,5.0,307600.0
1780.0,8.0,93000.0
4720.0,3.0,310800.0
2100.0,2.0,"₦127,000"
,4.0,"134,500"
"3,850",four,"240,200"
4160.0,4,$273800
 4710 ,2.0,"305,000"
2070.0,two,120000
4310.0,3.0,$277300
4010.0,,251100.0
2000.0,3.0,109100.0
2860.0,4.0,173800
1070,7.0,40000.0
,3.0,342200.0
3370.0,4.0,205300.0
2050 sqft,4.0,"₦120,000"
4860.0,3,"313,800"
1330.0,5,65200.0
1720.0,3.0,98100.0
4860.0,2.0,316100.0
"2,390",3.0,145900.0
2630.0,,165400.0
1720 sqft,2.0,104500.0
2110.0,4.0,119000.0
4210.0,6.0,269700.0
1340.0,2.0,$70600
"3,860",5.0,"₦244,000"
4910 sqft,4.0,2595841.9189673546
2810.0,,172000.0
,5.0,120300.0
1920.0,1.0,125300.0
2670.0,3.0,158300.0
"5,110",6.0,"335,900"
950,7.0,33900
1780.0,7 rooms,84700.0
1760.0,5,102700
 2570 ,,3237349.1974392957
"3,430",3 rooms,222700.0
1260.0,8.0,55900.0
2010 sqft,2 rooms,118300.0
4500.0,1.0,"₦293,800"
3950.0,3.0,"₦263,400"
"1,390",2.0,76300
2800.0,3.0,"₦171,600"
4890.0,,307100
3560.0,5.0,223500
1840.0,5,105000.0
1750.0,7.0,95000.0
 2060 ,1.0,"129,400"
2700 sqft,4.0,"₦156,900"
2000.0,2.0,112700.0
2780.0,2.0,170200
1220.0,2 rooms,59400.0
3280,4.0,203800.0
810.0,3,36400
720.0,5.0,20100.0
940,5.0,$46600
1240.0,2.0,"₦69,400"
1580.0,4.0,93600.0
3580.0,3.0,$223700
1130.0,6.0,52600.0
2970.0,2.0,182600.0
,7.0,143300.0
5070.0,3.0,$328800
2370 sqft,6.0,135100.0
4910,6.0,323400.0
 4170 ,5.0,269600.0
2950.0,1.0,185800.0
2690.0,4.0,158000.0
1150.0,2.0,62600.0
"4,200",8.0,258500.0
3470.0,3 rooms,"220,600"
3410.0,4.0,210200.0
1090.0,,41600.0
1180.0,3.0,58400.0
1430,3.0,83000.0
3920.0,6.0,250300
1090.0,5.0,47200.0
4420.0,1.0,290600.0
4140.0,6.0,254800.0
,3.0,
1900,7.0,103800.0
3680.0,4.0,233500.0
3770.0,3 rooms,"243,300"
1400.0,7.0,69100.0
"4,110",7.0,260000.0
950.0,,0
"1,000",2.0,"₦49,900"
 4230 ,3.0,269000.0
1550.0,3,"₦82,900"
2830 sqft,5.0,170400
4320.0,4.0,274700.0
2780 sqft,4.0,163200
4530,7.0,"₦286,000"
3240.0,,203100.0
"3,980",5.0,253400.0
5030.0,5.0,320500.0
2550.0,3.0,165100.0
4410.0,3.0,287100.0
3050.0,4.0,188200.0
2340,9,131300.0
2420,5.0,"153,400"
3550.0,7.0,223200.0
3100.0,3.0,194200.0
1470.0,3.0,"₦72,500"
730.0,3,25900.0
1350.0,4.0,72400.0
"1,160",5.0,$58400
2180.0,6.0,125800.0
1930.0,2,108400.0
2840.0,,
2490,8,142600.0
4760.0,4.0,311300.0
2660.0,7.0,154800.0
4730.0,7.0,303400
780.0,4.0,
,9.0,153700
2350 sqft,5.0,
4310.0,3.0,$277300
5140.0,4,$328500
760.0,6.0,29900.0
1310.0,3.0,"₦70,900"
2020.0,7,112900.0
930,5.0,35900.0
1130 sqft,6.0,55000.0
3330.0,6.0,198300.0
"3,710",7 rooms,"₦233,600"
 4880 ,3.0,"₦316,500"
"1,290",5.0,66900.0
"3,550",4.0,232000.0
4240,7,263100.0
3830.0,4.0,243300.0
1900.0,7.0,98900.0
1170.0,8.0,47800.0
1850.0,9.0,98100.0
3660.0,2.0,228600.0
800.0,5.0,29900.0
4320.0,7.0,267200.0
2710.0,3.0,$167800
3110.0,7.0,$191300
-1124,3.0,272400.0
1680.0,6.0,"₦88,600"
4450,3.0,287200.0
1610.0,5.0,"₦83,700"
3450.0,4.0,$215600
1580 sqft,5,80400.0
"3,620",4.0,231000.0
3720.0,6.0,234400.0
2910.0,4.0,182800.0
5190.0,8.0,336400.0
2380.0,4.0,138900
3630 sqft,3.0,219900
1290.0,6.0,58300
3710 sqft,2.0,237100.0
1180.0,three,60500.0
3380.0,4,205400.0
1240.0,2.0,"₦69,400"
1750.0,7.0,95000.0
3840.0,4.0,242200.0
4640.0,6.0,297100.0
4920.0,2,325200.0
3670.0,3.0,232000.0
 5110 ,6 rooms,335300.0
2520.0,3.0,139200.0
800.0,1.0,$40000
 3190 ,3.0,201300.0
2830 sqft,4.0,171100.0
3620.0,6.0,233600.0
4440.0,3,"281,300"
1750.0,6.0,90600.0
3680.0,5.0,227600.0
,9.0,153700
1110.0,8.0,46700.0
3850,6.0,248100
1530.0,7.0,"₦80,000"
3350.0,6.0,"204,000"
2730.0,2.0,173400.0
2060 sqft,2.0,120400.0
 1670 ,4.0,2095486.1153349208
 4600 ,3.0,292400
4660.0,5,"₦301,300"
1970.0,4.0,116000.0
3010.0,5.0,191100.0
2900 sqft,four,180500.0
1490.0,5,80800.0
4220 sqft,2.0,276200.0
840.0,4.0,33900.0
4130.0,6.0,264100
2370 sqft,5,139200.0
 4530 ,3.0,295900
4730.0,7.0,303400
1280.0,4.0,67500.0
1250.0,8.0,55600.0
4680 sqft,3.0,307800.0
3850.0,7.0,"₦242,000"
3840.0,,237100.0
4200.0,2.0,$277800
1240.0,6.0,"58,700"
38370.20734065983,4.0,
4450 sqft,5.0,"₦288,200"
1980,4.0,"106,300"
4800 sqft,5.0,314900.0
,2.0,284300.0
 3340 ,,213100.0
2740.0,7.0,$155000
,6 rooms,"310,100"
3110.0,5.0,"191,900"
"1,980",3.0,115200
4140.0,5.0,268500.0
 4870 ,,307900.0
4900 sqft,2.0,"317,900"
4320.0,,266100.0
1480.0,3,78900.0
 5110 ,1.0,334000.0
3520.0,2.0,217300.0
,6,53400.0
4210.0,6.0,269700.0
2430.0,5.0,$145400
1600.0,6.0,86300.0
 3260 ,4.0,193400.0
2110.0,9.0,"₦110,700"
"3,270",9.0,204100.0
890 sqft,9.0,$31000
1110.0,5.0,$52000
3040.0,4.0,188000.0
 4970 ,3.0,317700.0
2180.0,3,132500
1350.0,2.0,69100
1390.0,7.0,
3690.0,4.0,235400.0
3240.0,7.0,"₦202,400"
4240.0,8.0,263000.0
3310.0,2.0,214500.0
"4,470",6.0,290200.0
2580.0,8,149900.0
4640.0,5,293600.0
,7,278700.0
1500.0,3,80600.0
4300.0,4.0,274000.0
1300.0,,59200.0
1720.0,3.0,97600.0
 3700 ,6.0,"231,900"
2920.0,4.0,182800.0
 4530 ,5.0,288700.0
 890 ,5.0,40600.0
"5,050",,326000.0
2070.0,5.0,"₦112,300"
1370.0,5.0,69200.0
760 sqft,3.0,21000.0
1470.0,8.0,75000.0
4840.0,7,304400.0
4200.0,2.0,263300.0
"4,520",7,285200.0
4820.0,7.0,307000.0
3170 sqft,4.0,192800.0
2800 sqft,8.0,171600.0
4570.0,5,$293400
1970.0,4.0,116000.0
2380.0,6.0,132700.0
1520,7.0,"₦76,800"
"2,040",5,"₦117,600"
1230.0,6 rooms,"₦61,900"
3460.0,,218400.0
2580.0,7.0,155600.0
,2.0,210000.0
