Student_ID,Name,Gender,Age,Department,Attendance,Study_Hours,Assignment_Score,Quiz_Score,Exam_Score,Final_Score,Pass,Study_Hours_Normalized,Gender_Encoded,Attendance_Normalized
STU001,Joy Ibekwe,Male,23,Computer Science,100.0,4.4,45,44.0,42,43.0,No,0.04119850187265919,1,1.0
STU002,Sarah Olatunji,Male,22,AI Engineering,97.0,8.5,57,51.0,53,53.4,Yes,0.1947565543071161,1,0.9600000000000001
STU003,Mariam Abdullahi,Female,20,Data Science,94.0,8.5,71,71.0,61,65.0,Yes,0.1947565543071161,0,0.92
STU004,Hannah Uche,Female,24,Data Science,69.0,5.8,54,49.0,46,48.2,No,0.09363295880149813,0,0.5866666666666667
STU005,Daniel Ogunbiyi,Male,22,Data Science,98.0,6.4,48,54.0,55,53.4,Yes,0.11610486891385771,1,0.9733333333333333
STU006,Grace Usman,Male,24,Data Science,100.0,30.0,81,79.0,73,75.8,Yes,1.0,1,1.0
STU007,Juliet Ahmed,Female,19,Data Science,65.0,14.1,88,92.0,86,87.6,Yes,0.4044943820224719,0,0.5333333333333333
STU008,Daniela Abdullahi,Male,19,Software Engineering,82.0,5.7,51,45.0,60,55.2,Yes,0.08988764044943823,1,0.7600000000000001
STU009,Sarah Bello,Female,21,Data Science,84.0,6.5,54,56.0,45,49.0,No,0.11985018726591762,0,0.7866666666666667
STU010,Dorcas Ogunlana,Female,19,Data Science,64.0,5.7,53,51.0,63,58.6,Yes,0.08988764044943823,0,0.52
STU011,James Ogunleye,Male,19,Software Engineering,68.0,6.2,54,59.0,62,59.8,Yes,0.10861423220973784,1,0.5733333333333334
STU012,Ruth Kalu,Female,22,Computer Science,65.0,12.8,82,78.0,92,87.2,Yes,0.355805243445693,0,0.5333333333333333
STU013,Benjamin Adeyemi,Male,23,Data Science,84.0,8.0,69,77.0,67,69.4,Yes,0.1760299625468165,1,0.7866666666666667
STU014,Amina Alabi,Female,22,AI Engineering,81.0,4.5,50,47.0,54,51.8,Yes,0.0449438202247191,0,0.7466666666666667
STU015,Mary Olawale,Female,24,AI Engineering,92.0,14.9,98,100.0,100,99.6,Yes,0.4344569288389514,0,0.8933333333333334
STU016,David Nwachukwu,Female,24,Data Science,94.0,15.4,92,94.0,97,95.4,Yes,0.45318352059925104,0,0.92
STU017,Fatima Osei,Male,19,Software Engineering,75.0,3.8,40,40.0,45,43.0,No,0.018726591760299616,1,0.6666666666666666
STU018,Mariam Alabi,Male,23,Data Science,95.0,5.1,53,51.0,60,56.8,Yes,0.06741573033707865,1,0.9333333333333335
STU019,Andrew Nwachukwu,Male,19,Computer Science,25.0,15.9,100,100.0,100,100.0,Yes,0.4719101123595506,1,0.0
STU020,Fatima Ibeh,Male,19,Computer Science,81.0,3.3,40,40.0,40,40.0,No,0.0,1,0.7466666666666667
STU021,Paul Usman,Female,19,AI Engineering,62.0,14.2,88,96.0,85,87.8,Yes,0.40823970037453183,0,0.4933333333333334
STU022,Mary Uche,Male,23,Software Engineering,96.0,10.5,74,81.0,77,77.2,Yes,0.2696629213483146,1,0.9466666666666667
STU023,Matthew Uche,Male,21,Data Science,82.0,8.5,71,64.0,81,75.6,Yes,0.1947565543071161,1,0.7600000000000001
STU024,Stephen Garba,Female,21,AI Engineering,66.0,6.2,52,58.0,46,49.6,No,0.10861423220973784,0,0.5466666666666666
STU025,Caleb Adeyemi,Male,24,AI Engineering,64.0,8.8,62,55.0,72,66.6,Yes,0.2059925093632959,1,0.52
STU026,John Abdullahi,Female,18,Software Engineering,70.0,8.3,71,69.0,73,71.8,Yes,0.1872659176029963,0,0.6
STU027,Linda Alabi,Female,19,AI Engineering,76.0,15.0,100,100.0,100,100.0,Yes,0.4382022471910113,0,0.68
STU028,John Ibrahim,Female,22,AI Engineering,78.0,5.8,45,40.0,45,44.0,No,0.09363295880149813,0,0.7066666666666667
STU029,Sophia Ojo,Male,21,Computer Science,63.0,15.5,94,67.38383838383838,86,88.6,Yes,0.45692883895131087,1,0.5066666666666667
STU030,Faith Musa,Female,20,AI Engineering,96.0,6.2,47,41.0,50,47.6,No,0.10861423220973784,0,0.9466666666666667
STU031,Isaac Afolabi,Female,24,Computer Science,80.0,6.1,57,53.0,67,62.2,Yes,0.10486891385767791,0,0.7333333333333333
STU032,Joshua Olatunji,Female,19,Data Science,60.0,9.0,63,57.0,70,66.0,Yes,0.21348314606741572,0,0.4666666666666667
STU033,Andrew Nwosu,Female,22,Computer Science,64.0,14.4,98,99.0,93,95.2,Yes,0.4157303370786517,0,0.52
STU034,Daniel Uche,Male,20,Data Science,95.0,6.9,52,48.0,50,50.0,Yes,0.13483146067415733,1,0.9333333333333335
STU035,Deborah Olatunji,Female,20,Computer Science,98.0,5.7,53,51.0,63,58.6,Yes,0.08988764044943823,0,0.9733333333333333
STU036,Peter Peters,Male,23,Data Science,65.0,11.2,79,72.0,69,71.6,Yes,0.29588014981273403,1,0.5333333333333333
STU037,Fatima Anyanwu,Male,22,Computer Science,70.0,12.6,91,83.0,84,85.2,Yes,0.348314606741573,1,0.6
STU038,Grace Obi,Female,24,Computer Science,83.0,9.162626262626263,72,77.0,66,69.4,Yes,0.21957401732682638,0,0.7733333333333333
STU039,Abdul Umeh,Female,22,AI Engineering,82.0,5.7,50,45.0,51,49.6,No,0.08988764044943823,0,0.7600000000000001
STU040,Emmanuel Ibekwe,Female,24,Software Engineering,75.0,14.2,91,96.0,81,86.0,Yes,0.40823970037453183,0,0.6666666666666666
STU041,Timothy Nnaji,Male,24,Software Engineering,75.0,6.5,50,54.0,41,45.4,No,0.11985018726591762,1,0.6666666666666666
STU042,Faith Balogun,Female,20,Data Science,82.0,7.0,57,56.0,47,50.8,Yes,0.13857677902621726,0,0.7600000000000001
STU043,Moses Ogunlana,Female,18,Computer Science,64.0,15.6,100,100.0,100,100.0,Yes,0.4606741573033708,0,0.52
STU044,Sophia Adesina,Female,23,Data Science,76.0,5.3,49,42.0,42,43.4,No,0.07490636704119852,0,0.68
STU045,Mary Yakubu,Male,23,Software Engineering,87.0,10.9,72,76.0,80,77.6,Yes,0.28464419475655434,1,0.8266666666666668
STU046,Fatima Usman,Female,22,Data Science,60.0,9.8,70,73.0,73,72.4,Yes,0.2434456928838952,0,0.4666666666666667
STU047,Faith Akinyemi,Female,21,Data Science,67.0,12.4,86,94.0,85,87.0,Yes,0.34082397003745324,0,0.56
STU048,Joseph Ndukwe,Female,21,Computer Science,95.0,4.7,51,55.0,46,48.8,No,0.05243445692883897,0,0.9333333333333335
STU049,Andrew Oseni,Male,22,Software Engineering,79.0,6.7,61,67.38383838383838,65,63.8,Yes,0.12734082397003746,1,0.7200000000000001
STU050,Joseph Ajayi,Male,24,AI Engineering,70.0,11.6,82,90.0,92,89.6,Yes,0.31086142322097376,1,0.6
STU051,Grace Sani,Female,22,Computer Science,79.0,5.9,50,46.0,40,43.2,No,0.09737827715355807,0,0.7200000000000001
STU052,James Sani,Male,23,Computer Science,89.0,8.4,63,67.0,68,66.8,Yes,0.19101123595505623,1,0.8533333333333334
STU053,Juliet Ibrahim,Male,24,Computer Science,66.0,13.1,87,84.0,93,90.0,Yes,0.36704119850187267,1,0.5466666666666666
STU054,Sophia Onyeka,Female,22,Software Engineering,80.04123711340206,4.7,52,60.0,59,57.8,Yes,0.05243445692883897,0,0.7338831615120275
STU055,Deborah Osei,Male,24,Data Science,95.0,8.8,64,71.0,68,67.8,Yes,0.2059925093632959,1,0.9333333333333335
STU056,Fatima Ibeh,Female,19,Data Science,93.0,9.3,68,68.0,72,70.4,Yes,0.22471910112359553,0,0.9066666666666666
STU057,Sarah Ogunbiyi,Male,23,AI Engineering,81.0,7.2,53,49.0,47,48.6,No,0.14606741573033707,1,0.7466666666666667
STU058,John Chukwu,Female,21,Computer Science,64.0,8.4,67,73.0,70,70.0,Yes,0.19101123595505623,0,0.52
STU059,Mariam Ogunbiyi,Female,22,AI Engineering,96.0,7.9,54,57.0,53,54.0,Yes,0.17228464419475656,0,0.9466666666666667
STU060,Hannah Ajayi,Female,23,AI Engineering,91.0,5.9,57,64.0,47,52.4,Yes,0.09737827715355807,0,0.88
STU061,Elizabeth Usman,Male,18,Software Engineering,89.0,15.0,90,94.0,98,95.6,Yes,0.4382022471910113,1,0.8533333333333334
STU062,Hannah Onyeka,Male,21,Data Science,68.0,14.3,91,84.0,89,88.4,Yes,0.4119850187265919,1,0.5733333333333334
STU063,Deborah Okoro,Female,18,Computer Science,81.0,12.9,91,91.0,94,92.8,Yes,0.3595505617977528,0,0.7466666666666667
STU064,Victor Balogun,Male,22,AI Engineering,82.0,5.9,46,40.0,40,41.2,No,0.09737827715355807,1,0.7600000000000001
STU065,Linda Yakubu,Female,19,Computer Science,75.0,4.6,41,40.0,45,43.2,No,0.048689138576779034,0,0.6666666666666666
STU066,Elizabeth Kalu,Female,21,AI Engineering,70.0,9.162626262626263,95,87.0,94,92.8,Yes,0.21957401732682638,0,0.6
STU067,Samuel Aliyu,Male,24,Computer Science,64.0,10.7,75,70.0,74,73.4,Yes,0.27715355805243447,1,0.52
STU068,Matthew Ajayi,Male,24,Software Engineering,82.0,9.9,75,69.0,81,77.4,Yes,0.24719101123595508,1,0.7600000000000001
STU069,Stephen Garba,Female,22,Software Engineering,91.0,4.4,48,54.0,42,45.6,No,0.04119850187265919,0,0.88
STU070,Samuel Mohammed,Female,19,Software Engineering,89.0,8.7,66,68.0,63,64.6,Yes,0.20224719101123592,0,0.8533333333333334
STU071,Dorcas Onyeka,Male,21,AI Engineering,80.04123711340206,10.9,81,83.0,71,75.4,Yes,0.28464419475655434,1,0.7338831615120275
STU072,Linda Mohammed,Male,22,AI Engineering,82.0,13.4,92,92.0,100,96.8,Yes,0.37827715355805247,1,0.7600000000000001
STU073,Mariam Sani,Female,23,Software Engineering,65.0,6.1,58,65.0,65,63.6,Yes,0.10486891385767791,0,0.5333333333333333
STU074,James Anyanwu,Male,20,Data Science,88.0,13.3,83,84.0,80,81.4,Yes,0.37453183520599254,1,0.84
STU075,Peter Lawal,Female,20,Data Science,90.0,10.2,77,82.0,84,82.2,Yes,0.2584269662921348,0,0.8666666666666668
STU076,Chidinma Nwosu,Male,19,AI Engineering,76.0,6.0,51,53.0,44,47.2,No,0.10112359550561797,1,0.68
STU077,Mercy Nnaji,Female,19,Data Science,90.0,6.6,57,52.0,53,53.6,Yes,0.12359550561797752,0,0.8666666666666668
STU078,John Umeh,Female,23,AI Engineering,60.0,12.2,80,80.0,71,74.6,Yes,0.33333333333333337,0,0.4666666666666667
STU079,Elizabeth Eze,Female,21,Software Engineering,100.0,14.3,100,95.0,90,93.0,Yes,0.4119850187265919,0,1.0
STU080,Daniel Ojo,Female,21,Computer Science,81.0,9.162626262626263,43,43.0,48,46.0,No,0.21957401732682638,0,0.7466666666666667
STU081,Elizabeth Obi,Male,19,Computer Science,96.0,11.2,72,68.0,66,67.6,Yes,0.29588014981273403,1,0.9466666666666667
STU082,Andrew Oseni,Female,24,Software Engineering,95.0,12.9,86,94.0,88,88.8,Yes,0.3595505617977528,0,0.9333333333333335
STU083,Daniela Chukwu,Female,23,Computer Science,79.0,10.4,68,63.0,64,64.6,Yes,0.26591760299625467,0,0.7200000000000001
STU084,Rebecca Oseni,Female,20,Computer Science,80.04123711340206,6.1,47,44.0,40,42.2,No,0.10486891385767791,0,0.7338831615120275
STU085,Samuel Nnaji,Female,24,AI Engineering,74.0,6.7,57,63.0,49,53.4,Yes,0.12734082397003746,0,0.6533333333333333
STU086,Michael Ojo,Male,19,Data Science,87.0,4.5,44,67.38383838383838,42,42.0,No,0.0449438202247191,1,0.8266666666666668
STU087,Juliet Anyanwu,Female,23,Software Engineering,98.0,12.7,87,93.0,80,84.0,Yes,0.35205992509363293,0,0.9733333333333333
STU088,Sophia Bello,Female,23,Data Science,77.0,9.5,77,83.0,69,73.4,Yes,0.2322097378277154,0,0.6933333333333335
STU089,Nathan Okafor,Female,22,Computer Science,98.0,6.3,48,47.0,56,52.6,Yes,0.11235955056179775,0,0.9733333333333333
STU090,Nathan Adesina,Female,18,Software Engineering,71.0,9.1,74,74.0,69,71.0,Yes,0.21722846441947566,0,0.6133333333333334
STU091,Peter Akinyemi,Female,20,Software Engineering,82.0,8.3,66,61.0,61,62.0,Yes,0.1872659176029963,0,0.7600000000000001
STU092,Blessing Nwachukwu,Female,24,Computer Science,95.0,3.5,40,42.0,40,40.4,No,0.0074906367041198685,0,0.9333333333333335
STU093,Philip Yusuf,Female,23,Software Engineering,94.0,9.0,61,59.0,67,64.2,Yes,0.21348314606741572,0,0.92
STU094,Linda Akanbi,Male,18,AI Engineering,63.0,5.6,47,48.0,51,49.6,No,0.08614232209737827,1,0.5066666666666667
STU095,Sarah Nwachukwu,Female,18,AI Engineering,70.0,7.0,50,55.0,42,46.2,No,0.13857677902621726,0,0.6
STU096,Rebecca Adewale,Female,19,Software Engineering,91.0,15.1,99,100.0,97,98.0,Yes,0.44194756554307124,0,0.88
STU097,Fatima Mohammed,Female,20,Data Science,95.0,4.9,45,53.0,40,43.6,No,0.05992509363295884,0,0.9333333333333335
STU098,Andrew Nwosu,Female,20,Data Science,60.0,6.7,57,64.0,51,54.8,Yes,0.12734082397003746,0,0.4666666666666667
STU099,Mary Anyanwu,Male,22,Software Engineering,95.0,12.9,91,97.0,91,92.2,Yes,0.3595505617977528,1,0.9333333333333335
STU100,Chidinma Adewale,Female,21,AI Engineering,74.0,14.1,98,91.0,98,96.6,Yes,0.4044943820224719,0,0.6533333333333333
